rel,dataset_key,doc_category,sub_category,flood_event,doc_type,year,source_format,quality,responsible_dept,doc_nature,location,flood_magnitude,skip_reason,duplicate_of,sha256
01-核心文档-四案/01-防洪抢险应急预案.pdf,ds1,规程预案,防洪抢险应急预案.pdf,,文本,,pdf,medium,,法规,,不适用,,,3f0beff6d3b411a01fa7e4ba36254bea4b0f645104a778829f8189b388c102d5
01-核心文档-四案/02-调度规程.pdf,ds1,规程预案,调度规程.pdf,,文本,,pdf,medium,,法规,,不适用,,,af76ec1c575c1fa2f24296d84c2c636756fdf41f88a5837d5dbad0bc65d2a669
01-核心文档-四案/03-汛期调度运用计划.pdf,ds1,规程预案,汛期调度运用计划.pdf,,文本,,pdf,medium,,法规,,不适用,,,7b5ecff62f16810fd79a369f9c066b5c0b38ef5a57d1f0db722e81a3008696fb
01-核心文档-四案/04-大坝安全管理应急预案.pdf,ds1,规程预案,大坝安全管理应急预案.pdf,,文本,,pdf,medium,,法规,,不适用,,,1d0b458fece2e5660dcfebf5499d31eef8c7e443f3349ffaedd1dafdd7c376c6
02-安全鉴定与评价/01-大坝安全鉴定报告书-2020.pdf,ds5,工程资料,大坝安全鉴定报告书-2020.pdf,,文本,2020,pdf,medium,,技术,,不适用,,,3433df5a68774603401e8dc70e88a60c27697574031261701e6da722d7b2132e
02-安全鉴定与评价/02-桃曲坡水库大坝安全鉴定.pdf,ds5,工程资料,桃曲坡水库大坝安全鉴定.pdf,,文本,,pdf,medium,,技术,,不适用,,,4aa060e11bc3f379429b6fe299407697f2fc46a780d2f0cfc37330c6c93891a3
02-安全鉴定与评价/03-桃曲坡等三座大坝安全评价报告.pdf,ds5,工程资料,桃曲坡等三座大坝安全评价报告.pdf,,文本,,pdf,medium,,技术,,不适用,,,e37256f98916bbdea52d1430a1909059a773172f0ef122bec9bec20a61579b1b
03-施工图纸与设计/01-加闸竣工图/加闸竣工图5.pdf,ds5,工程资料,加闸竣工图,,图纸,,pdf,medium,,技术,,不适用,,,bd3ee917cdacffe03fd1708e329c51621bf7cd44bcb92afa11345ea3ae056037
03-施工图纸与设计/01-加闸竣工图/加闸竣工图6.pdf,ds5,工程资料,加闸竣工图,,图纸,,pdf,medium,,技术,,不适用,,,be06cc79bcf21c74fea41ec26aecb02a873aa6fa062d5ff2295f48897f333cd7
03-施工图纸与设计/01-加闸竣工图/加闸竣工图7.pdf,ds5,工程资料,加闸竣工图,,图纸,,pdf,medium,,技术,,不适用,,,3712289095c1d28828ee5421fc01e3a417acc97ecb5fb50e2954e38fe5f6d66c
03-施工图纸与设计/01-加闸竣工图/加闸竣工图8.pdf,ds5,工程资料,加闸竣工图,,图纸,,pdf,medium,,技术,,不适用,,,8c2ba2d7ab0cea4b15df1ab6352933c904f8b11924e3a155b986d1e74567b020
03-施工图纸与设计/01-加闸竣工图/加闸竣工图9.pdf,ds5,工程资料,加闸竣工图,,图纸,,pdf,medium,,技术,,不适用,,,85437a849e9ad55c4c8c0d20eb3f7032f9efef5372de76cdf1eede55aa573dc2
03-施工图纸与设计/02-施工图修改意见/安全设施建设工程施工图纸审查意见.pdf,ds5,工程资料,施工图修改意见,,图纸,,pdf,medium,,技术,,不适用,,,2ff4c1c02e063314bb99fe04bd548dbdda19d7d3f268edfa6baa19b8e98d1fbc
03-施工图纸与设计/02-施工图修改意见/安全设施建设工程施工图纸（修改意见）.pdf,ds5,工程资料,施工图修改意见,,图纸,,pdf,medium,,技术,,不适用,,,1636af8cb195551e94318b84d52f9229f17fd5defff52212d8bf2efe621beead
03-施工图纸与设计/02-施工图修改意见/数字孪生工程施工图册（修改意见）.pdf,ds5,工程资料,施工图修改意见,,图纸,,pdf,medium,,技术,,不适用,,,73ad37ae1fbeaf886309780f80a724f98b2d16aa0c63dae3340bd3e46c42cab0
03-施工图纸与设计/02-施工图修改意见/数字孪生项目施工图纸审查意见.pdf,ds5,工程资料,施工图修改意见,,图纸,,pdf,medium,,技术,,不适用,,,8f1d87c5cff5990f06b58c1ce14ea8cbc371d973512fb0912e54c2c2a6ed4dc7
03-施工图纸与设计/03-数字孪生工程.pdf,ds5,工程资料,数字孪生工程.pdf,,图纸,,pdf,medium,,技术,,不适用,,,ba8579f6ccf86e3a01782a3860856abc6542eedd3bee77d54b46e98139016211
03-施工图纸与设计/04-安全设施建设工程.pdf,ds5,工程资料,安全设施建设工程.pdf,,图纸,,pdf,medium,,技术,,不适用,,,199d391c9062688b5098138b9e60da689c8b2bd24cc9b94145d74a17896031a2
03-施工图纸与设计/05-数字孪生项目建设方案.docx,ds5,工程资料,数字孪生项目建设方案.docx,,图纸,,word,high,,技术,,不适用,,,9a85559793e872f15276738069f004ddf4be635d7c2958a2858bc77d5a558de5
04-确权划界/01-划界报告.pdf,ds2,基础数据,划界报告.pdf,,文本,,pdf,medium,,技术,,不适用,,,735ac308acc519e987461488aeff150e7adfe9ddf7750b6249676511179ba5ac
06-历年洪水资料/01-水情通报/水情通报第161期.pdf,ds3,洪水资料,水情通报,,文本,,pdf,medium,,技术,,不适用,,,c947f1180b1c0f91d049149f8be9c0010ac4e5d6c0dcb4fd569ad7acea67abec
06-历年洪水资料/01-水情通报/汛情专报_20211006.pdf,ds3,洪水资料,水情通报,,文本,2021,pdf,medium,,技术,,不适用,,,5180657cce56afe0caf826538c75c32b455620c8afafd0847c0a54166b7c9de6
06-历年洪水资料/01-水情通报/重要水情快报第121期.pdf,ds3,洪水资料,水情通报,,文本,,pdf,medium,,技术,,不适用,,,48c8769239584320a58450810c3db7b37994f239f524c91cd150b3127ad192db
06-历年洪水资料/02-2021年洪水调度/10-3洪水/受损统计.xlsx,ds3,洪水资料,2021年洪水调度,2021-10,表格,2021,excel,high,,技术,,不适用,,,a537a2ff2c37ecfc6af1d61f8fef28ad80559adf521797be57b901c595065f1c
06-历年洪水资料/02-2021年洪水调度/10-3洪水/桃曲坡水库10月3日-10月6日洪水调度情况汇报.doc,ds3,洪水资料,2021年洪水调度,2021-10,文本,2021,word,high,,技术,,不适用,,,16c8676a3dc62de7a8fe17f6ab240c627b104837e75b3d30d800e27ada1814e9
06-历年洪水资料/02-2021年洪水调度/10-3洪水/水务局汇报.docx,ds3,洪水资料,2021年洪水调度,2021-10,文本,2021,word,high,水务局,技术,,不适用,,,f4b3a0fea5a0c9475f9e3ad6508bdc233a0dfcabb1179cbe6eeaad6496acc37c
06-历年洪水资料/02-2021年洪水调度/10-3洪水/水务局汇报_dup.docx,ds3,洪水资料,2021年洪水调度,2021-10,文本,2021,word,high,水务局,技术,,不适用,duplicate,,f95a931dd4acfc222129056be204e51445c93e0cb8e3eaab3a088404e5b6bc85
06-历年洪水资料/02-2021年洪水调度/10-3洪水/洪水过程.xls,ds3,洪水资料,2021年洪水调度,2021-10,表格,2021,excel,high,,技术,,不适用,,,4dbb407fd3305072a899a58f543b038e42f3a702a1370dd4bdb9ea8254a10114
06-历年洪水资料/02-2021年洪水调度/10-3洪水/洪水过程_dup.xls,ds3,洪水资料,2021年洪水调度,2021-10,表格,2021,excel,high,,技术,,不适用,duplicate,,6deaf324f1296929f7b5a6adfe0e7e53d6767c8b771b2fc25814338531ce29e6
06-历年洪水资料/02-2021年洪水调度/9-15强降雨工作汇报.doc,ds3,洪水资料,2021年洪水调度,2021-10,文本,2021,word,high,,技术,,不适用,,,00172d2abee09b531b7b64ad5caac51572bc8f3c37675ee9126604bedd67b512
06-历年洪水资料/02-2021年洪水调度/9-25洪水/华商报报道.doc,ds3,洪水资料,2021年洪水调度,2021-09,文本,2021,word,high,,技术,,不适用,,,1aa37fdd0d7d38c4b8967bc5723724ad7c6f3458b72e20b3701b6fcdb5cad4a3
06-历年洪水资料/02-2021年洪水调度/9-25洪水/汛期措施.doc,ds3,洪水资料,2021年洪水调度,2021-09,文本,2021,word,high,,技术,,不适用,,,10b038822818a1830d1f37d5e3b9483dcb895084848f2a4a8ea58f220cb51c2e
06-历年洪水资料/02-2021年洪水调度/9-25洪水/洪水调度情况汇报.doc,ds3,洪水资料,2021年洪水调度,2021-09,文本,2021,word,high,,技术,,不适用,,,1f6275e75a4b4f499949bfdc410d3119d17b870b9a0b4a35be65b7c22333f860
06-历年洪水资料/02-2021年洪水调度/9-25洪水/洪水过程.xls,ds3,洪水资料,2021年洪水调度,2021-09,表格,2021,excel,high,,技术,,不适用,,,712aec922279f7d81c4f3ca36fef50669874be803144c7237a90d95a20a7fed2
06-历年洪水资料/02-2021年洪水调度/9-25洪水/防汛抗洪纪实.doc,ds3,洪水资料,2021年洪水调度,2021-09,文本,2021,word,high,,技术,,不适用,,,9f9ae7a34f6d8e15efba895e6b883324b89fbeddabe0b9e3a23743b1c7acccdb
06-历年洪水资料/02-2021年洪水调度/9-25洪水/防汛抗洪纪实_dup.doc,ds3,洪水资料,2021年洪水调度,2021-09,文本,2021,word,high,,技术,,不适用,duplicate,,9b7d3f0a4963a6de633a657dcdfda2105c9d4a146551c448dd9984b75cd06483
06-历年洪水资料/02-2021年洪水调度/三场洪水调度过程汇报.doc,ds3,洪水资料,2021年洪水调度,2021-10,文本,2021,word,high,,技术,,不适用,,,bddec06d9b1f17c70357f6396e5725426124ceae286cd54e9191c063afb54283
06-历年洪水资料/02-2021年洪水调度/防洪调度效益统计.xlsx,ds3,洪水资料,2021年洪水调度,2021-10,表格,2021,excel,high,,技术,,不适用,,,69c8a7c251f19230bc174d0a95791aed044ed499d7ccd6d21ff813a27c517d27
06-历年洪水资料/03-2020年洪水(8-16)/洪水汇报.doc,ds3,洪水资料,2020年洪水(8-16),2020-8,文本,2020,word,high,,技术,,不适用,,,aa2938b1d9da1c9d8184155852f6ba5071354f8d7563792c693a236d79c72a5d
06-历年洪水资料/03-2020年洪水(8-16)/洪水调度报告.doc,ds3,洪水资料,2020年洪水(8-16),2020-8,文本,2020,word,high,,技术,,不适用,,,74577a189428a125101b44096b8386ca47471347e8a9c753e757ba81c9749aa5
06-历年洪水资料/03-2020年洪水(8-16)/洪水过程.xls,ds3,洪水资料,2020年洪水(8-16),2020-8,表格,2020,excel,high,,技术,,不适用,,,0477e8c299b537e68162a59823a33db6922d49ea4ca54388e15cd7f862339094
06-历年洪水资料/03-2020年洪水(8-16)/防洪报告.doc,ds3,洪水资料,2020年洪水(8-16),2020-8,文本,2020,word,high,,技术,,不适用,,,3b69f30d777c2a73e8750806a2132dba9cbe95e44540ddff17101fd9a0757273
06-历年洪水资料/04-2019年洪水(9-14)/洪水汇报.doc,ds3,洪水资料,2019年洪水(9-14),2019-7,文本,2019,word,high,,技术,,不适用,,,4d3a26b5da4084000b714c3a4c17a67c0ef063ac205615b45ae3f43988075273
06-历年洪水资料/04-2019年洪水(9-14)/洪水统计.xls,ds3,洪水资料,2019年洪水(9-14),2019-7,表格,2019,excel,high,,技术,,不适用,,,2773f4faecd1b722f4028c8a8d8844b7ea4f0655406ccabebb0c5d8fe104144c
06-历年洪水资料/05-2013年洪水(7-22)/7-22防洪报告.doc,ds3,洪水资料,2013年洪水(7-22),2013-7,文本,2013,word,high,,技术,,不适用,,,c0d36cca6e260bd198c3af5f2793a0029054ae4072e6f246967d3a27750691a1
06-历年洪水资料/05-2013年洪水(7-22)/“7.22”洪水汇报终告.doc,ds3,洪水资料,2013年洪水(7-22),2013-7,文本,2013,word,high,,技术,,不适用,,,75d544a14f808a7c9cdf966a326b6a2b6b5f9233fc33095ed1470796aafc5792
06-历年洪水资料/05-2013年洪水(7-22)/“7.29”洪水简讯doc.doc,ds3,洪水资料,2013年洪水(7-22),2013-7,文本,2013,word,high,,技术,,不适用,,,fd5e4367cd38baa053dd9fdeb10bf59dd5b9b58ab8669f3f2f7c4d13e36d2934
06-历年洪水资料/05-2013年洪水(7-22)/洪水过程.xls,ds3,洪水资料,2013年洪水(7-22),2013-7,表格,2013,excel,high,,技术,,不适用,,,2fbdba62b8f3305ef8180093155a1c4b02efc2d9e6c36aa49f45fa8fbb375827
06-历年洪水资料/05-2013年洪水(7-22)/降雨量统计.xls,ds3,洪水资料,2013年洪水(7-22),2013-7,表格,2013,excel,high,,技术,,不适用,,,c0554307bc9eb7d017c78ccbda52b3288b63f13cfe9f96eaaa8c1781a7849675
06-历年洪水资料/06-2008年洪水(8-22)/弃水计算.xls,ds3,洪水资料,2008年洪水(8-22),2008-8,表格,2008,excel,high,,技术,,不适用,,,4d5f4c1e43fbe3f3d7455ba38d9da9a55eab447221c51e41c56cc2855f27ebad
06-历年洪水资料/06-2008年洪水(8-22)/洪水汇报.doc,ds3,洪水资料,2008年洪水(8-22),2008-8,文本,2008,word,high,,技术,,不适用,,,9111ae8531251a1ffe49d1fa5f28c66824d8fcc209ff6d5433c60c5b1177fde1
06-历年洪水资料/06-2008年洪水(8-22)/洪水简报.doc,ds3,洪水资料,2008年洪水(8-22),2008-8,文本,2008,word,high,,技术,,不适用,,,7454ad310532eaf6bb9a09aabd81595ac54cd71fa5088c457a0b743211ffc920
06-历年洪水资料/06-2008年洪水(8-22)/洪水统计.xls,ds3,洪水资料,2008年洪水(8-22),2008-8,表格,2008,excel,high,,技术,,不适用,,,3e9897531bdf48a68fb35f9d608cb1fb5d72281599483807f1192425a45a73e1
06-历年洪水资料/06-2008年洪水(8-22)/降雨量统计.xls,ds3,洪水资料,2008年洪水(8-22),2008-8,表格,2008,excel,high,,技术,,不适用,,,49389287a7b9759436e2657114b16eb256a0ce5e3b7e1fff4203baca32b5d039
06-历年洪水资料/07-其他洪水事件/724-829两场洪水.xls,ds3,洪水资料,其他洪水事件,其他,表格,,excel,high,,技术,,不适用,,,531e2d5633d8622edcbff7779f7ca77ded058df8bd229f3bbfeda12c3a14e088
06-历年洪水资料/08-历年洪水统计/2001年洪水过程线.xls,ds3,洪水资料,历年洪水统计,历年统计,表格,2001,excel,high,,技术,,不适用,,,3e586a7a5b1ef0f952741d484892eba35908c77fd969c24bcc15f958d14c9ec9
06-历年洪水资料/08-历年洪水统计/2010年下泄水量统计.xls,ds3,洪水资料,历年洪水统计,历年统计,表格,2010,excel,high,,技术,,不适用,,,aa93ee7711ef07d24535cea5e1e4c5d836bbb8b9f724b686c79fc924ea8e69d6
06-历年洪水资料/08-历年洪水统计/2011年下泄水量统计.xls,ds3,洪水资料,历年洪水统计,历年统计,表格,2011,excel,high,,技术,,不适用,,,78a5ed788586d0b4aab3c03a64904bc9cff34eaaa2020f0f7905fbde6dac9522
06-历年洪水资料/08-历年洪水统计/TB0207.xls,ds3,洪水资料,历年洪水统计,历年统计,表格,207,excel,high,,技术,,不适用,,,d3d7890eab2ec825f7bf4af7d2a870732150b0c58ed1d33209731ef3aca65039
06-历年洪水资料/08-历年洪水统计/华州区汛情处置汇报.docx,ds3,洪水资料,历年洪水统计,历年统计,文本,,word,high,,技术,,不适用,,,379a13d25a26814cb0bed7a9c1d7836b19609299569722710e49e84835828a59
06-历年洪水资料/08-历年洪水统计/弃水量统计表.xls,ds3,洪水资料,历年洪水统计,历年统计,表格,,excel,high,,技术,,不适用,,,f6d645e8f6fb42a43a08276197c8481807d87ae4cd16163b5ef214fa5bc1a497
06-历年洪水资料/08-历年洪水统计/弃水量统计表（含生态）.xls,ds3,洪水资料,历年洪水统计,历年统计,表格,,excel,high,,技术,,不适用,,,b83836785c1c9e1df8a51bf3e8fbde6761dbc464fb14db0030c2e8a4e5ce0ea9
06-历年洪水资料/08-历年洪水统计/水位库容曲线推求.xls,ds3,洪水资料,历年洪水统计,历年统计,表格,,excel,high,,技术,,不适用,,,796c283acd57324f4fe14783d4ddf46e377696d6796b551e9883b587a522ca68
06-历年洪水资料/08-历年洪水统计/泄洪通知.doc,ds3,洪水资料,历年洪水统计,历年统计,文本,,word,high,,技术,,不适用,,,110351e48a649e3da6493e2c63973a92342a2c6a2e838d1b446d58aebfbdb815
06-历年洪水资料/08-历年洪水统计/泄生态水过程.xls,ds3,洪水资料,历年洪水统计,历年统计,表格,,excel,high,,技术,,不适用,,,c2a45732f7070a854872de89cdd744c69b12c06274d41738fab2d3ad6fd5e5e3
06-历年洪水资料/08-历年洪水统计/洪涝受损统计.xlsx,ds3,洪水资料,历年洪水统计,历年统计,表格,,excel,high,,技术,,不适用,,,bb4c928fa519bbb90b6407582e71dc79abd64ffa5c327082d5b7841578fd8920
06-历年洪水资料/08-历年洪水统计/较大洪水统计表.xls,ds3,洪水资料,历年洪水统计,历年统计,表格,,excel,high,,技术,,不适用,,,77cdfeb6d8c1b1dec7ac7cf113e49d192465954ea3d74a61cf51b2cc15aa3d32
06-历年洪水资料/08-历年洪水统计/防洪减灾统计表.xls,ds3,洪水资料,历年洪水统计,历年统计,表格,,excel,high,,技术,,不适用,,,5bcf128de3b3c0fd1ad48baff144c9cf318ba72b404454b118844813a9720260
07-管理资料/04-设备管理/桃曲坡平台设备管理.xlsx,ds4,组织管理,设备管理,,表格,,excel,high,,管理,,不适用,,,2f8e207f524ab2ba762eba8892ae2afb46310df73f8a52df54b8c6b3b7d21c3a
07-管理资料/05-视频监控/视频监控台账.xlsx,ds4,组织管理,视频监控,,表格,,excel,high,,管理,,不适用,,,640e4c80cfd465ffceb13a7c1c3561d9ded7e3e9c26c37c1071c78e0ce5502e1
07-管理资料/06-工程资料/在建项目资料报送时间跟踪.xlsx,ds4,组织管理,工程资料,,表格,,excel,high,,管理,,不适用,,,3752cc8ed8fdb6dd407303c5349a3d631ceba438ac2f633a3519257524a5f1ba
08-政策文件/政务数据共享需求填报说明.docx,ds4,组织管理,政务数据共享需求填报说明.docx,,文本,,word,high,,管理,,不适用,,,375c04440aeb19e310801fa539b36afe229b8b8cd9ab40b11402465523e45ac8
08-政策文件/水利部关于渭河流域暴雨洪水防御工作的通知.pdf,ds4,组织管理,水利部关于渭河流域暴雨洪水防御工作的通知.pdf,,文本,,pdf,medium,,管理,,不适用,,,39545068cedea1045afe68c9fabe260ea9a597c758ec793bd4af0c4b8cf2e56e
